{"loss": [1.889054775238037, 0.9140877723693848, 0.6486939787864685, 0.4955012798309326, 0.40261006355285645, 0.3351426124572754, 0.2918365001678467, 0.24567344784736633, 0.21622373163700104, 0.19293762743473053], "accuracy": [0.453269362449646, 0.7150890231132507, 0.7951254844665527, 0.8400837182998657, 0.8698375821113586, 0.8911635279655457, 0.9037626385688782, 0.9190381765365601, 0.9277365803718567, 0.9353814721107483], "val_loss": [0.9482812881469727, 0.5998508930206299, 0.3878852128982544, 0.34714412689208984, 0.2695726156234741, 0.2862354516983032, 0.24063771963119507, 0.23843179643154144, 0.21737293899059296, 0.18705442547798157], "val_accuracy": [0.7164663672447205, 0.8073703050613403, 0.8749786615371704, 0.8901862502098083, 0.9103491306304932, 0.9072734713554382, 0.9205445051193237, 0.9222532510757446, 0.933815598487854, 0.940308690071106]}